"BROKEN","EPIC","FAILED","FEATURE","PASSED","SKIPPED","STORY","UNKNOWN"
"0","","0","Inventory Page Actions","4","0","Sorting","0"
"0","","0","Authentication","7","0","Security","0"
"0","","0","Inventory Page Actions","2","0","Cart Badge Updates","0"
"0","","0","Authentication","4","0","Negative Scenarios","0"
"0","","0","Inventory Page Actions","2","0","","0"
"0","","0","Authentication","1","0","Session Management","0"
"0","","0","Inventory Page Actions","1","0","Navigation","0"
"0","","0","Authentication","2","0","Happy Path","0"
"0","","0","Inventory Page Actions","1","0","UI Integrity","0"
